date,iso_a3,currency_code,name,local_price,dollar_ex,dollar_price,USD
1986-09-01,AUS,AUD,Australia,1.75,1.64,1.06707317073171,-0.333079268292683
1986-09-01,GBR,GBP,Britain,1.1,0.67,1.64179104477612,0.0261194029850746
1986-09-01,CAN,CAD,Canada,1.89,1.39,1.35971223021583,-0.150179856115108
1986-09-01,JPN,JPY,Japan,370,154,2.4025974025974,0.501623376623377
1986-09-01,SGP,SGD,Singapore,2.8,2.15,1.30232558139535,-0.186046511627907
1986-09-01,USA,USD,United States,1.6,1,1.6,0
1987-01-01,GBR,GBP,Britain,1.13,0.679245283,1.66361111115732,0.0397569444733263
1987-01-01,NLD,NLG,Netherlands,4.5,2.132075472,2.1106194687277,0.319137167954813
1987-01-01,USA,USD,United States,1.6,1,1.6,0
1988-03-01,AUS,AUD,Australia,1.95,1.36,1.43382352941176,-0.400073837066207
1988-03-01,GBR,GBP,Britain,1.19,0.54,2.2037037037037,-0.0779482411281577
1988-03-01,CAN,CAD,Canada,2.05,1.24,1.65322580645161,-0.308273721149953
1988-03-01,JPN,JPY,Japan,370,124,2.98387096774194,0.248481576461061
1988-03-01,NLD,NLG,Netherlands,4.85,1.86,2.60752688172043,0.0910154316821885
1988-03-01,SGP,SGD,Singapore,2.8,2,1.4,-0.414225941422594
1988-03-01,USA,USD,United States,2.39,1,2.39,0
1989-04-01,AUS,AUD,Australia,2.1,1.24,1.69354838709677,-0.161609709358033
1989-04-01,GBR,GBP,Britain,1.26,0.59,2.13559322033898,0.0572243665044472
1989-04-01,CAN,CAD,Canada,2.15,1.19,1.80672268907563,-0.105582827190282
1989-04-01,JPN,JPY,Japan,370,133,2.78195488721805,0.377205389711903
1989-04-01,NLD,NLG,Netherlands,5.1,2.13,2.3943661971831,0.185329800585692
1989-04-01,SGP,SGD,Singapore,2.8,1.96,1.42857142857143,-0.292786421499293
1989-04-01,USA,USD,United States,2.02,1,2.02,0
1990-04-01,AUS,AUD,Australia,2.3,1.32,1.74242424242424,-0.207988980716253
1990-04-01,GBR,GBP,Britain,1.4,0.61,2.29508196721312,0.0432190760059614
1990-04-01,CAN,CAD,Canada,2.19,1.16,1.88793103448276,-0.141849529780564
1990-04-01,JPN,JPY,Japan,370,159,2.32704402515723,0.0577472841623783
1990-04-01,NLD,NLG,Netherlands,5.25,1.88,2.79255319148936,0.269342359767891
1990-04-01,SGP,SGD,Singapore,2.6,1.88,1.38297872340426,-0.37137330754352
1990-04-01,USA,USD,United States,2.2,1,2.2,0
1991-04-01,AUS,AUD,Australia,2.45,1.27,1.92913385826772,-0.142607174103237
1991-04-01,GBR,GBP,Britain,1.67,0.56,2.98214285714286,0.325396825396825
1991-04-01,CAN,CAD,Canada,2.35,1.15,2.04347826086957,-0.0917874396135266
1991-04-01,JPN,JPY,Japan,380,135,2.81481481481482,0.251028806584362
1991-04-01,NLD,NLG,Netherlands,5.25,1.88,2.79255319148936,0.24113475177305
1991-04-01,SGP,SGD,Singapore,2.8,1.77,1.5819209039548,-0.296924042686755
1991-04-01,USA,USD,United States,2.25,1,2.25,0
1992-04-01,AUS,AUD,Australia,2.54,1.31,1.93893129770992,-0.114643243054829
1992-04-01,GBR,GBP,Britain,1.74,0.57,3.05263157894737,0.393895698149483
1992-04-01,CAN,CAD,Canada,2.76,1.19,2.31932773109244,0.0590537584896973
1992-04-01,JPN,JPY,Japan,380,133,2.85714285714286,0.304631441617743
1992-04-01,NLD,NLG,Netherlands,5.35,1.84,2.90760869565217,0.327675203494143
1992-04-01,SGP,SGD,Singapore,4.75,1.65,2.87878787878788,0.31451501314515
1992-04-01,USA,USD,United States,2.19,1,2.19,0
1993-04-01,AUS,AUD,Australia,2.45,1.39,1.76258992805755,-0.22693424208002
1993-04-01,GBR,GBP,Britain,1.79,0.641025641,2.7924000001117,0.224736842154252
1993-04-01,CAN,CAD,Canada,2.76,1.26,2.19047619047619,-0.039264828738513
1993-04-01,JPN,JPY,Japan,391,113,3.46017699115044,0.517621487346685
1993-04-01,MEX,MXN,Mexico,7.9,3.1,2.54838709677419,0.11771363893605
1993-04-01,NLD,NLG,Netherlands,5.45,1.77,3.07909604519774,0.350480721577956
1993-04-01,USA,USD,United States,2.28,1,2.28,0
1994-04-01,AUS,AUD,Australia,2.45,1.42,1.72535211267606,-0.249846907532149
1994-04-01,GBR,GBP,Britain,1.81,0.684931507,2.64259999941863,0.14895652148636
1994-04-01,CAN,CAD,Canada,2.86,1.39,2.05755395683453,-0.105411323115421
1994-04-01,GRC,GRD,Greece,620,251,2.47011952191235,0.0739650095271089
1994-04-01,JPN,JPY,Japan,391,104,3.75961538461538,0.634615384615384
1994-04-01,MEX,MXN,Mexico,8.1,3.36,2.41071428571429,0.0481366459627328
1994-04-01,NLD,NLG,Netherlands,5.45,1.91,2.85340314136126,0.240610061461416
1994-04-01,SGP,SGD,Singapore,2.98,1.57,1.89808917197452,-0.174743838271947
1994-04-01,USA,USD,United States,2.3,1,2.3,0
1995-04-01,AUS,AUD,Australia,2.45,1.35,1.81481481481482,-0.217752234993614
1995-04-01,GBR,GBP,Britain,1.74,0.621118012,2.80140000190495,0.2075000008211
1995-04-01,CAN,CAD,Canada,2.77,1.39,1.99280575539568,-0.141032001984619
1995-04-01,ISR,ILS,Israel,8.9,2.95,3.01694915254237,0.300409117475161
1995-04-01,JPN,JPY,Japan,391,84.2,4.6437054631829,1.00159718240642
1995-04-01,MEX,MXN,Mexico,10.9,6.37,1.71114599686028,-0.262437070318844
1995-04-01,NLD,NLG,Netherlands,5.45,1.55,3.51612903225806,0.515572858731924
1995-04-01,SGP,SGD,Singapore,2.95,1.4,2.10714285714286,-0.0917487684729064
1995-04-01,USA,USD,United States,2.32,1,2.32,0
1996-04-01,AUS,AUD,Australia,2.5,1.27,1.96850393700787,-0.165888162284799
1996-04-01,GBR,GBP,Britain,1.79,0.662251656,2.70289999848638,0.145296609528125
1996-04-01,CAN,CAD,Canada,2.86,1.36,2.10294117647059,-0.108923230309073
1996-04-01,ISR,ILS,Israel,9.5,3.17,2.99684542586751,0.26984975672352
1996-04-01,JPN,JPY,Japan,288,107,2.69158878504673,0.140503722477427
1996-04-01,MEX,MXN,Mexico,14.9,7.37,2.02170963364993,-0.143343375572063
1996-04-01,NLD,NLG,Netherlands,5.45,1.7,3.20588235294118,0.358424725822532
1996-04-01,SGP,SGD,Singapore,3.05,1.41,2.16312056737589,-0.0834234884000479
1996-04-01,ZAF,ZAR,South Africa,7,4.26,1.64319248826291,-0.303731996498767
1996-04-01,USA,USD,United States,2.36,1,2.36,0
1997-04-01,AUS,AUD,Australia,2.5,1.29,1.93798449612403,-0.199179960279326
1997-04-01,GBR,GBP,Britain,1.81,0.613496933,2.95029999766926,0.219132230441844
1997-04-01,CAN,CAD,Canada,2.88,1.39,2.07194244604317,-0.143825435519353
1997-04-01,ISR,ILS,Israel,11.5,3.38,3.40236686390533,0.405936720622035
1997-04-01,JPN,JPY,Japan,294,126,2.33333333333333,-0.0358126721763085
1997-04-01,MEX,MXN,Mexico,14.9,7.9,1.88607594936709,-0.220629772988806
1997-04-01,NLD,NLG,Netherlands,5.45,1.92,2.83854166666667,0.172951101928375
1997-04-01,SGP,SGD,Singapore,3,1.44,2.08333333333333,-0.139118457300275
1997-04-01,ZAF,ZAR,South Africa,7.8,4.43,1.7607223476298,-0.272428781971158
1997-04-01,USA,USD,United States,2.42,1,2.42,0
1998-04-01,AUS,AUD,Australia,2.65,1.51,1.75496688741722,-0.314466059602649
1998-04-01,GBR,GBP,Britain,1.84,0.602409639,3.05439999773974,0.193124999117088
1998-04-01,CAN,CAD,Canada,2.79,1.42,1.96478873239437,-0.232504401408451
1998-04-01,ISR,ILS,Israel,12.5,3.7,3.37837837837838,0.319679054054054
1998-04-01,JPN,JPY,Japan,280,135,2.07407407407407,-0.189814814814815
1998-04-01,MEX,MXN,Mexico,17.9,8.54,2.096018735363,-0.181242681498829
1998-04-01,NLD,NLG,Netherlands,5.45,2.07,2.63285024154589,0.0284571256038648
1998-04-01,SGP,SGD,Singapore,3,1.62,1.85185185185185,-0.27662037037037
1998-04-01,ZAF,ZAR,South Africa,8,5.04,1.58730158730159,-0.379960317460318
1998-04-01,USA,USD,United States,2.56,1,2.56,0
1999-03-01,AUS,AUD,Australia,2.65,1.59,1.66666666666667,-0.314128943758574
1999-03-01,GBR,GBP,Britain,1.9,0.621118012,3.05900000208012,0.258847737481531
1999-03-01,CAN,CAD,Canada,2.99,1.51,1.98013245033113,-0.18513067887608
1999-03-01,ISR,ILS,Israel,13.9,4.04,3.44059405940594,0.415882328973638
1999-03-01,JPN,JPY,Japan,294,120,2.45,0.00823045267489708
1999-03-01,MEX,MXN,Mexico,19.9,9.54,2.08595387840671,-0.141582766087774
1999-03-01,NLD,NLG,Netherlands,5.45,2.05,2.65853658536585,0.0940479775168122
1999-03-01,SGP,SGD,Singapore,3.2,1.73,1.84971098265896,-0.238802064749399
1999-03-01,ZAF,ZAR,South Africa,8.6,6.22,1.38263665594855,-0.431013721831871
1999-03-01,USA,USD,United States,2.43,1,2.43,0
2000-04-01,AUS,AUD,Australia,2.59,1.68,1.54166666666667,-0.385790172642762
2000-04-01,GBR,GBP,Britain,1.9,0.632911392,3.00200000192128,0.19601593702043
2000-04-01,CAN,CAD,Canada,2.85,1.47,1.93877551020408,-0.227579478006342
2000-04-01,ISR,ILS,Israel,14.5,4.05,3.58024691358025,0.426393192661453
2000-04-01,JPN,JPY,Japan,294,106,2.77358490566038,0.1050139066376
2000-04-01,MEX,MXN,Mexico,20.9,9.41,2.22104144527099,-0.115122930170921
2000-04-01,SGP,SGD,Singapore,3.2,1.7,1.88235294117647,-0.250058589172721
2000-04-01,ZAF,ZAR,South Africa,9,6.72,1.33928571428571,-0.466420034149118
2000-04-01,USA,USD,United States,2.51,1,2.51,0
2001-04-01,AUS,AUD,Australia,3,1.98,1.51515151515152,-0.403483655452159
2001-04-01,GBR,GBP,Britain,1.99,0.699300699,2.84570000122365,0.120354331190414
2001-04-01,CAN,CAD,Canada,3.33,1.56,2.13461538461538,-0.159600242277408
2001-04-01,JPN,JPY,Japan,294,124,2.37096774193548,-0.0665481330962662
2001-04-01,MEX,MXN,Mexico,21.9,9.29,2.35737351991389,-0.0719001890102811
2001-04-01,SGP,SGD,Singapore,3.3,1.81,1.8232044198895,-0.282202984295471
2001-04-01,ZAF,ZAR,South Africa,9.7,8.13,1.19311193111931,-0.530270893260114
2001-04-01,USA,USD,United States,2.54,1,2.54,0
2002-04-01,AUS,AUD,Australia,3,1.86,1.61290322580645,-0.352247700479337
2002-04-01,GBR,GBP,Britain,1.99,0.689655172,2.8855000017313,0.158835342060763
2002-04-01,CAN,CAD,Canada,3.33,1.57,2.12101910828025,-0.148185097076203
2002-04-01,ISR,ILS,Israel,12,4.79,2.50521920668058,0.00611213119702181
2002-04-01,JPN,JPY,Japan,262,130,2.01538461538462,-0.19060858819895
2002-04-01,MEX,MXN,Mexico,21.9,9.28,2.35991379310345,-0.0522434565849604
2002-04-01,SGP,SGD,Singapore,3.3,1.82,1.81318681318681,-0.271812524824573
2002-04-01,ZAF,ZAR,South Africa,9.7,10.9,0.889908256880734,-0.642607125750709
2002-04-01,USA,USD,United States,2.49,1,2.49,0
2003-04-01,AUS,AUD,Australia,3,1.61,1.86335403726708,-0.312415484403291
2003-04-01,GBR,GBP,Britain,1.99,0.632911392,3.14420000201229,0.160221402956564
2003-04-01,CAN,CAD,Canada,3.2,1.45,2.20689655172414,-0.185647028884082
2003-04-01,JPN,JPY,Japan,262,120,2.18333333333333,-0.194341943419434
2003-04-01,MEX,MXN,Mexico,23,10.53,2.18423551756885,-0.194009034107435
2003-04-01,SGP,SGD,Singapore,3.3,1.78,1.85393258426966,-0.315892035324848
2003-04-01,ZAF,ZAR,South Africa,13.95,7.56,1.8452380952381,-0.319100333860481
2003-04-01,USA,USD,United States,2.71,1,2.71,0
2004-05-01,AUS,AUD,Australia,3.25,1.43,2.27272727272727,-0.216300940438872
2004-05-01,GBR,GBP,Britain,1.88,0.558659218,3.36519999925966,0.160413792848157
2004-05-01,CAN,CAD,Canada,3.19,1.37,2.32846715328467,-0.197080291970803
2004-05-01,JPN,JPY,Japan,262,113,2.31858407079646,-0.200488251449497
2004-05-01,MEX,MXN,Mexico,24,11.6,2.06896551724138,-0.286563614744352
2004-05-01,SGP,SGD,Singapore,3.3,1.71,1.92982456140351,-0.334543254688445
2004-05-01,ZAF,ZAR,South Africa,12.4,6.66,1.86186186186186,-0.357978668323496
2004-05-01,USA,USD,United States,2.9,1,2.9,0
2005-06-01,AUS,AUD,Australia,3.25,1.3015,2.49711870918171,-0.183948134254342
2005-06-01,GBR,GBP,Britain,1.88,0.546448087,3.44040000271792,0.124313726378404
2005-06-01,CAN,CAD,Canada,3.28,1.2494,2.62526012485993,-0.142071854620937
2005-06-01,JPN,JPY,Japan,250,106.715,2.34268846928735,-0.234415532912629
2005-06-01,MEX,MXN,Mexico,28,10.8675,2.57648953301127,-0.158009956532264
2005-06-01,SGP,SGD,Singapore,3.6,1.6607,2.16776058288673,-0.291581508860544
2005-06-01,ZAF,ZAR,South Africa,13.95,6.6482,2.09831232514064,-0.314277017927896
2005-06-01,USA,USD,United States,3.06,1,3.06,0
2006-01-01,AUS,AUD,Australia,3.25,1.3308,2.44214006612564,-0.224717439325194
2006-01-01,GBR,GBP,Britain,1.88,0.566925563,3.3161319980909,0.0527403168542548
2006-01-01,CAN,CAD,Canada,3.52,1.1704,3.00751879699248,-0.0452321279388949
2006-01-01,JPN,JPY,Japan,250,114.305,2.18713092165697,-0.305672723283502
2006-01-01,MEX,MXN,Mexico,28,10.5425,2.65591652833768,-0.156851895765816
2006-01-01,SGP,SGD,Singapore,3.6,1.6353,2.20143093010457,-0.301133038062042
2006-01-01,ZAF,ZAR,South Africa,13.95,6.0803,2.29429468940677,-0.271652479553405
2006-01-01,USA,USD,United States,3.15,1,3.15,0
2006-05-01,AUS,AUD,Australia,3.25,1.33253,2.43896947911116,-0.213235651899624
2006-05-01,GBR,GBP,Britain,1.94,0.531801744,3.64797600212458,0.176766452298252
2006-05-01,CAN,CAD,Canada,3.52,1.12045,3.1415948949083,0.013417708034934
2006-05-01,JPN,JPY,Japan,250,112.105,2.23005218322109,-0.280628327993198
2006-05-01,MEX,MXN,Mexico,29,11.3031,2.56566782564075,-0.172365217535241
2006-05-01,SGP,SGD,Singapore,3.6,1.5873,2.26800226800227,-0.268386365160559
2006-05-01,ZAF,ZAR,South Africa,13.95,6.597,2.11459754433834,-0.317871759890859
2006-05-01,USA,USD,United States,3.1,1,3.1,0
2007-01-01,AUS,AUD,Australia,3.45,1.266865,2.72325780568569,-0.154267762209413
2007-01-01,GBR,GBP,Britain,1.94,0.506034461,3.83373099959688,0.190599689315802
2007-01-01,CAN,CAD,Canada,3.63,1.17485,3.08975613908158,-0.0404484040119304
2007-01-01,JPN,JPY,Japan,280,121.585,2.30291565571411,-0.284808802573258
2007-01-01,MEX,MXN,Mexico,29,10.8894,2.66314030157768,-0.172937794541093
2007-01-01,SGP,SGD,Singapore,3.6,1.53795,2.34077830878767,-0.273050214662214
2007-01-01,ZAF,ZAR,South Africa,15.5,7.10975,2.18010478568163,-0.322948824322474
2007-01-01,USA,USD,United States,3.22,1,3.22,0
2007-06-01,AUS,AUD,Australia,3.45,1.17,2.94871794871795,-0.135273328821716
2007-06-01,GBR,GBP,Britain,1.99,0.496610632,4.00716350349906,0.175121262023183
2007-06-01,CAN,CAD,Canada,3.88,1.05345,3.68313636147895,0.0800986397298973
2007-06-01,JPN,JPY,Japan,280,122.315,2.2891714017087,-0.328688738501847
2007-06-01,MEX,MXN,Mexico,29,10.76755,2.693277486522,-0.21018255527214
2007-06-01,SGP,SGD,Singapore,3.95,1.52375,2.59228876127974,-0.239798017220018
2007-06-01,ZAF,ZAR,South Africa,15.5,6.971,2.22349734614833,-0.347947992331868
2007-06-01,USA,USD,United States,3.41,1,3.41,0
2008-06-01,AUS,AUD,Australia,3.45,1.026,3.36257309941521,-0.0581027732730519
2008-06-01,GBR,GBP,Britain,2.29,0.501039657,4.57049650263512,0.280251121186308
2008-06-01,CAN,CAD,Canada,4.09,1.00355,4.07553186189029,0.141605563554703
2008-06-01,JPN,JPY,Japan,280,106.855,2.62037340320996,-0.266001847840348
2008-06-01,MEX,MXN,Mexico,32,10.1685,3.14697349658258,-0.11849481888443
2008-06-01,SGP,SGD,Singapore,3.95,1.35275,2.91997782295324,-0.182079041189568
2008-06-01,ZAF,ZAR,South Africa,16.95,7.56325,2.24110005619277,-0.372240880618271
2008-06-01,USA,USD,United States,3.57,1,3.57,0
2009-07-01,AUS,AUD,Australia,4.34,1.2869,3.37244541145388,-0.0553374197608178
2009-07-01,GBR,GBP,Britain,2.29,0.620886626,3.68827400060635,0.033129972158642
2009-07-01,CAN,CAD,Canada,3.89,1.16085,3.35099280699487,-0.0613465526625003
2009-07-01,ISR,ILS,Israel,15,3.97425,3.77429703717683,0.0572260608338446
2009-07-01,JPN,JPY,Japan,320,92.565,3.45703019499811,-0.0316442030817621
2009-07-01,MEX,MXN,Mexico,33,13.8104,2.38950356253258,-0.330671270999276
2009-07-01,SGP,SGD,Singapore,4.22,1.4645,2.88152953226357,-0.192848870514406
2009-07-01,ZAF,ZAR,South Africa,17.95,8.2805,2.16774349375038,-0.392788937324824
2009-07-01,USA,USD,United States,3.57,1,3.57,0
2010-01-01,AUS,AUD,Australia,4.35,1.09355,3.97787023912944,0.111136938304313
2010-01-01,GBR,GBP,Britain,2.29,0.623752495,3.67132800005874,0.0255106145415478
2010-01-01,CAN,CAD,Canada,4.12,1.0368,3.97376543209877,0.109990344161667
2010-01-01,ISR,ILS,Israel,14.9,3.7325,3.9919624916276,0.115073321683686
2010-01-01,JPN,JPY,Japan,320,91.54,3.49573956740223,-0.0235364336865285
2010-01-01,MEX,MXN,Mexico,32,12.81375,2.49731733489416,-0.30242532544856
2010-01-01,SGP,SGD,Singapore,4.45,1.39555,3.18870696141306,-0.109299731448865
2010-01-01,ZAF,ZAR,South Africa,17.95,7.3045,2.45738928058046,-0.313578413245681
2010-01-01,USA,USD,United States,3.58,1,3.58,0
2010-07-01,AUS,AUD,Australia,4.35,1.133722578,3.83691750028815,0.0277457590975183
2010-07-01,GBR,GBP,Britain,2.29,0.657375756,3.48354799990525,-0.066906785656354
2010-07-01,CAN,CAD,Canada,4.17,1.04235,4.00057562239171,0.0715827560934566
2010-07-01,ISR,ILS,Israel,14.9,3.8619,3.85820451073306,0.0334476368957699
2010-07-01,JPN,JPY,Japan,320,87.18,3.67056664372563,-0.0168125060571374
2010-07-01,MEX,MXN,Mexico,32,12.782,2.50352057580973,-0.329414131419662
2010-07-01,SGP,SGD,Singapore,4.23,1.3742,3.07815456265464,-0.175494313501035
2010-07-01,ZAF,ZAR,South Africa,18.45,7.5365,2.44808598155643,-0.344262683453124
2010-07-01,USA,USD,United States,3.733333333,1,3.733333333,0
2011-07-01,AUS,AUD,Australia,4.56,0.922381589,4.94372400141218,0.216168266030055
2011-07-01,GBR,GBP,Britain,2.39,0.614137444,3.89163699974627,-0.0426477245396641
2011-07-01,CAN,CAD,Canada,4.73,0.94585,5.00079293756938,0.230207364715715
2011-07-01,GRC,EUR,Greece,3.26,0.697520315,4.67369900187065,0.149741451874698
2011-07-01,ISR,ILS,Israel,15.9,3.40335,4.67186742474327,0.149290879395638
2011-07-01,JPN,JPY,Japan,320,78.365,4.08345562432208,0.00454012898452216
2011-07-01,MEX,MXN,Mexico,32,11.67075,2.74189747873958,-0.325486475094813
2011-07-01,NLD,EUR,Netherlands,3.25,0.697520315,4.65936250186491,0.146214637605144
2011-07-01,SGP,SGD,Singapore,4.41,1.20705,3.65353547906052,-0.101221284363956
2011-07-01,ZAF,ZAR,South Africa,19.45,6.76885,2.87345708650657,-0.293122487944263
2011-07-01,USA,USD,United States,4.065,1,4.065,0
2012-01-01,AUS,AUD,Australia,4.8,0.972337012,4.93656000004246,0.176149927819474
2012-01-01,GBR,GBP,Britain,2.49,0.651253663,3.82339500177214,-0.0890649044433832
2012-01-01,CAN,CAD,Canada,4.73,1.02095,4.63293990890837,0.103811548812874
2012-01-01,GRC,EUR,Greece,3.3,0.788239467,4.18654500079733,-0.00254334993225835
2012-01-01,ISR,ILS,Israel,15.9,3.8485,4.13147979732363,-0.0156627964882393
2012-01-01,JPN,JPY,Japan,320,76.92,4.16016640665627,-0.00882812750909756
2012-01-01,MEX,MXN,Mexico,37,13.6844,2.70380871649469,-0.355809627206891
2012-01-01,NLD,EUR,Netherlands,3.25,0.788239467,4.12311250078525,-0.0176563294787392
2012-01-01,SGP,SGD,Singapore,4.85,1.2928,3.75154702970297,-0.106182894939277
2012-01-01,ZAF,ZAR,South Africa,19.95,8.1304,2.45375381285054,-0.415385942873965
2012-01-01,USA,USD,United States,4.19722,1,4.19722,0
2012-07-01,AUS,AUD,Australia,4.56,0.974326497,4.68015599908292,0.0814918542074925
2012-07-01,GBR,GBP,Britain,2.69,0.646266197,4.1623715002999,-0.0381579433160258
2012-07-01,CAN,CAD,Canada,5.12,1.01945,5.02231595468145,0.160558279533552
2012-07-01,GRC,EUR,Greece,2.683,0.824844311,3.25273504856603,-0.248357007841472
2012-07-01,ISR,ILS,Israel,11.9,4.07625,2.91934989267096,-0.325395749816069
2012-07-01,JPN,JPY,Japan,320,78.22,4.09102531321913,-0.0546446416593588
2012-07-01,MEX,MXN,Mexico,37,13.687,2.70329509753781,-0.375321756779247
2012-07-01,NLD,EUR,Netherlands,3.38,0.824844311,4.09774299819351,-0.0530923169974559
2012-07-01,SGP,SGD,Singapore,4.4,1.2585,3.49622566547477,-0.19209112294055
2012-07-01,ZAF,ZAR,South Africa,19.95,8.4683,2.35584473861342,-0.455610690095109
2012-07-01,USA,USD,United States,4.3275,1,4.3275,0
2013-01-01,AUS,AUD,Australia,4.7,0.959094615,4.90045499838408,0.122054236842075
2013-01-01,GBR,GBP,Britain,2.69,0.633211968,4.24818249802884,-0.027296205686323
2013-01-01,CAN,CAD,Canada,5.41,1.0029,5.39435636653704,0.235142536377705
2013-01-01,GRC,EUR,Greece,3.3,0.736946829,4.47793500173945,0.0253100870555905
2013-01-01,ISR,ILS,Israel,14.9,3.72455,4.00048327985931,-0.0840117468557123
2013-01-01,JPN,JPY,Japan,320,91.065,3.51397353538681,-0.19540759075803
2013-01-01,MEX,MXN,Mexico,37,12.7384,2.90460340388118,-0.334934703666193
2013-01-01,NLD,EUR,Netherlands,3.45,0.736946829,4.68147750181852,0.0719150910126627
2013-01-01,SGP,SGD,Singapore,4.5,1.23485,3.64416730777017,-0.165597200914357
2013-01-01,ZAF,ZAR,South Africa,20.9,9.047,2.31015806344645,-0.471044496129498
2013-01-01,USA,USD,United States,4.367395833,1,4.367395833,0
2013-07-01,AUS,AUD,Australia,5.035,1.089858863,4.61986425117506,0.0138692576818813
2013-07-01,GBR,GBP,Britain,2.69,0.669142494,4.02007049936362,-0.11776068052607
2013-07-01,CAN,CAD,Canada,5.53,1.05125,5.26040428061831,0.154441319729371
2013-07-01,GRC,EUR,Greece,2.6,0.777756173,3.3429500018896,-0.266360643384406
2013-07-01,ISR,ILS,Israel,17.5,3.64595,4.79984640491504,0.0533679015136619
2013-07-01,JPN,JPY,Japan,320,100.105,3.19664352429949,-0.298468868164087
2013-07-01,MEX,MXN,Mexico,37,12.94115,2.85909675724337,-0.372546432252915
2013-07-01,NLD,EUR,Netherlands,3.45,0.777756173,4.43583750250736,-0.0265170075677695
2013-07-01,SGP,SGD,Singapore,4.7,1.2747,3.68714207264454,-0.190824709793383
2013-07-01,ZAF,ZAR,South Africa,22.5,10.04725,2.23941874642315,-0.508540143469057
2013-07-01,USA,USD,United States,4.556666667,1,4.556666667,0
2014-01-01,AUS,AUD,Australia,5.05,1.128859288,4.47354249877067,-0.0325732567781882
2014-01-01,GBR,GBP,Britain,2.79,0.603009015,4.62679649988317,0.000568714986408425
2014-01-01,CAN,CAD,Canada,5.54,1.1051,5.01312098452629,0.084113386375545
2014-01-01,GRC,EUR,Greece,3.05,0.737218475,4.13717249828825,-0.105315012148492
2014-01-01,ISR,ILS,Israel,17.5,3.4882,5.01691416776561,0.0849336819039033
2014-01-01,JPN,JPY,Japan,310,104.245,2.97376372967528,-0.356908186096035
2014-01-01,MEX,MXN,Mexico,37,13.33275,2.77512141156176,-0.399865616573427
2014-01-01,NLD,EUR,Netherlands,3.45,0.737218475,4.67975249806375,0.0120207239631815
2014-01-01,SGP,SGD,Singapore,4.6,1.27885,3.59698166321304,-0.222134079015227
2014-01-01,ZAF,ZAR,South Africa,23.5,10.87765,2.16039309961251,-0.532803799000157
2014-01-01,USA,USD,United States,4.624166667,1,4.624166667,0
2014-07-01,AUS,AUD,Australia,5.1,1.059378145,4.81414500013119,0.00399270075728575
2014-07-01,GBR,GBP,Britain,2.89,0.586785589,4.92513799618893,0.0271403537411739
2014-07-01,CAN,CAD,Canada,5.64,1.07405,5.25115218099716,0.0951307989566546
2014-07-01,GRC,EUR,Greece,3.05,0.742748914,4.10636749850569,-0.143614703127071
2014-07-01,ISR,ILS,Israel,17.5,3.4138,5.12625227019743,0.0690828509275148
2014-07-01,JPN,JPY,Japan,370,101.53,3.6442430808628,-0.239991015461356
2014-07-01,MEX,MXN,Mexico,42,12.93255,3.24761937900878,-0.322707115952288
2014-07-01,NLD,EUR,Netherlands,3.45,0.742748914,4.64490749830972,-0.031301877307671
2014-07-01,SGP,SGD,Singapore,4.7,1.238,3.79644588045234,-0.208249034316508
2014-07-01,ZAF,ZAR,South Africa,24.5,10.5145,2.33011555471016,-0.514053064711124
2014-07-01,USA,USD,United States,4.795,1,4.795,0
2015-01-01,AUS,AUD,Australia,5.3,1.227219734,4.31870499892076,-0.0983914407263559
2015-01-01,GBR,GBP,Britain,2.89,0.661594443,4.36823499740308,-0.0880511487676234
2015-01-01,CAN,CAD,Canada,5.7,1.22855,4.63961580725245,-0.0313954473376926
2015-01-01,GRC,EUR,Greece,3.05,0.863073404,3.53388250160933,-0.26223747356799
2015-01-01,ISR,ILS,Israel,17.5,3.93415,4.44822896940889,-0.0713509458436548
2015-01-01,JPN,JPY,Japan,370,117.765,3.14185029507918,-0.344081358021047
2015-01-01,MEX,MXN,Mexico,49,14.6275,3.34985472568792,-0.300656633468076
2015-01-01,NLD,EUR,Netherlands,3.45,0.863073404,3.99734250182039,-0.165481732396578
2015-01-01,SGP,SGD,Singapore,4.7,1.33315,3.5254847541537,-0.263990656752882
2015-01-01,ZAF,ZAR,South Africa,25.5,11.47875,2.22149624305782,-0.536222078693565
2015-01-01,USA,USD,United States,4.79,1,4.79,0
2015-07-01,AUS,AUD,Australia,5.3,1.35126005,3.9222649999902,-0.181155532361128
2015-07-01,GBR,GBP,Britain,2.89,0.640450877,4.51244600294302,-0.05794446702651
2015-07-01,CAN,CAD,Canada,5.85,1.2897,4.53593859036985,-0.0530399602568156
2015-07-01,GRC,EUR,Greece,3.05,0.912700224,3.34173249857776,-0.302352296747858
2015-07-01,ISR,ILS,Israel,17.5,3.77835,4.63165138221711,-0.0330581665517526
2015-07-01,JPN,JPY,Japan,370,123.935,2.98543591398717,-0.376735717330445
2015-07-01,MEX,MXN,Mexico,49,15.73975,3.1131371209835,-0.350075757623487
2015-07-01,NLD,EUR,Netherlands,3.45,0.912700224,3.77999249839124,-0.210857515993479
2015-07-01,SGP,SGD,Singapore,4.7,1.3664,3.43969555035129,-0.281900720177184
2015-07-01,ZAF,ZAR,South Africa,26,12.41455,2.0943167492982,-0.562773121232108
2015-07-01,USA,USD,United States,4.79,1,4.79,0
2016-01-01,AUS,AUD,Australia,5.3,1.415728746,3.74365500098421,-0.240637930834846
2016-01-01,GBR,GBP,Britain,2.89,0.684532977,4.22185650232012,-0.143639654701801
2016-01-01,CAN,CAD,Canada,5.84,1.4092,4.14419528810673,-0.159392436489508
2016-01-01,GRC,EUR,Greece,3.35,0.930232558,3.60125000054019,-0.269523326462437
2016-01-01,ISR,ILS,Israel,16.9,3.94105,4.28819730782406,-0.130183101861246
2016-01-01,JPN,JPY,Japan,370,118.645,3.11854692570273,-0.367434700668818
2016-01-01,MEX,MXN,Mexico,49,17.43675,2.81015670924914,-0.429988497109707
2016-01-01,NLD,EUR,Netherlands,3.45,0.930232558,3.70875000055631,-0.247718052625494
2016-01-01,SGP,SGD,Singapore,4.7,1.43725,3.27013393633675,-0.336686828329259
2016-01-01,ZAF,ZAR,South Africa,28,15.81375,1.77061101889179,-0.64084969190836
2016-01-01,USA,USD,United States,4.93,1,4.93,0
2016-07-01,AUS,AUD,Australia,5.75,1.335737661,4.30473750039754,-0.145885416587789
2016-07-01,GBR,GBP,Britain,2.99,0.758840492,3.94022199859098,-0.218209920914489
2016-07-01,CAN,CAD,Canada,6,1.303,4.60475825019187,-0.0863574900412967
2016-07-01,GRC,EUR,Greece,3.35,0.908306463,3.68818249837775,-0.268217758258382
2016-07-01,ISR,ILS,Israel,16.9,3.85875,4.37965662455458,-0.131020511001075
2016-07-01,JPN,JPY,Japan,370,106.725,3.46685406418365,-0.312132130122292
2016-07-01,MEX,MXN,Mexico,44,18.535,2.37388724035608,-0.528990626913476
2016-07-01,NLD,EUR,Netherlands,3.45,0.908306463,3.79827749832933,-0.246373512236245
2016-07-01,SGP,SGD,Singapore,5.45,1.3577,4.01414156293732,-0.20354334068704
2016-07-01,ZAF,ZAR,South Africa,30,14.27375,2.10176022418776,-0.582984082502429
2016-07-01,USA,USD,United States,5.04,1,5.04,0
2017-01-01,AUS,AUD,Australia,5.8,1.356668023,4.27518000105469,-0.155102766589983
2017-01-01,GBR,GBP,Britain,3.09,0.82877507,3.72839400200588,-0.263163240710301
2017-01-01,CAN,CAD,Canada,5.98,1.326,4.50980392156863,-0.10873440285205
2017-01-01,GRC,EUR,Greece,3.35,0.955246692,3.50694750168263,-0.306927371208966
2017-01-01,ISR,ILS,Israel,16.9,3.855,4.38391699092088,-0.133613242901012
2017-01-01,JPN,JPY,Japan,380,116.665,3.25718938841983,-0.356286682130468
2017-01-01,MEX,MXN,Mexico,49,21.9505,2.23229539190451,-0.55883490278567
2017-01-01,NLD,EUR,Netherlands,3.61,0.955246692,3.77912850181323,-0.253136659720706
2017-01-01,SGP,SGD,Singapore,5.6,1.43875,3.89226759339705,-0.230777155455129
2017-01-01,ZAF,ZAR,South Africa,26.32,13.9525,1.88640028668697,-0.627193619231823
2017-01-01,USA,USD,United States,5.06,1,5.06,0
2017-07-01,AUS,AUD,Australia,5.9,1.303016483,4.52795500055083,-0.145668867820599
2017-07-01,GBR,GBP,Britain,3.19,0.775885479,4.11143150160695,-0.224258207243971
2017-07-01,CAN,CAD,Canada,5.97,1.2823,4.65569679482181,-0.121566642486452
2017-07-01,GRC,EUR,Greece,3.35,0.875695083,3.82553249987816,-0.278201415117329
2017-07-01,ISR,ILS,Israel,16.9,3.5405,4.77333709927976,-0.0993703586264599
2017-07-01,JPN,JPY,Japan,380,113.06,3.36104723155846,-0.365840144988969
2017-07-01,MEX,MXN,Mexico,49,17.79075,2.75424026530641,-0.480332025413885
2017-07-01,NLD,EUR,Netherlands,3.61,0.875695083,4.1224394998687,-0.222181226439868
2017-07-01,SGP,SGD,Singapore,5.6,1.3777,4.06474559047688,-0.233066869721343
2017-07-01,ZAF,ZAR,South Africa,30,13.27,2.26073850791259,-0.573445564544795
2017-07-01,USA,USD,United States,5.3,1,5.3,0
2018-01-01,AUS,AUD,Australia,5.9,1.253682693,4.70613499966375,-0.108686553093987
2018-01-01,GBR,GBP,Britain,3.19,0.72285673,4.41304599875552,-0.16419583356903
2018-01-01,CAN,CAD,Canada,6.55,1.2459,5.25724375953126,-0.00430989402816995
2018-01-01,GRC,EUR,Greece,3.35,0.816826629,4.10123749773099,-0.223250473914585
2018-01-01,ISR,ILS,Israel,16.5,3.43635,4.80160635558078,-0.0906048568975805
2018-01-01,JPN,JPY,Japan,380,110.725,3.43192594265071,-0.350014026013123
2018-01-01,MEX,MXN,Mexico,48,18.6635,2.57186486993329,-0.512904380694452
2018-01-01,NLD,EUR,Netherlands,3.71,0.816826629,4.54196749748716,-0.139778883051675
2018-01-01,SGP,SGD,Singapore,5.8,1.32255,4.38546746814865,-0.169419040123361
2018-01-01,ZAF,ZAR,South Africa,30,12.25815,2.44735135399714,-0.536486485985391
2018-01-01,USA,USD,United States,5.28,1,5.28,0
2018-07-01,AUS,AUD,Australia,6.05,1.33985395591881,4.51541749999998,-0.180504990925593
2018-07-01,GBR,GBP,Britain,3.19,0.753863550697324,4.231535,-0.232026315789474
2018-07-01,CAN,CAD,Canada,6.65,1.31235,5.06724578047015,-0.0803546677912616
2018-07-01,GRC,EUR,Greece,3.35,0.853205921249094,3.9263675,-0.287410617059892
2018-07-01,ISR,ILS,Israel,17,3.6349,4.67688244518419,-0.151201008133541
2018-07-01,JPN,JPY,Japan,390,111.25,3.50561797752809,-0.363771691918677
2018-07-01,MEX,MXN,Mexico,49,19.0515,2.57197595989817,-0.533216704192709
2018-07-01,NLD,EUR,Netherlands,3.79,0.853205921249094,4.4420695,-0.193816787658803
2018-07-01,SGP,SGD,Singapore,5.8,1.35585,4.27775933915994,-0.223637143528142
2018-07-01,ZAF,ZAR,South Africa,31,13.3619,2.32002933714517,-0.578942044075287
2018-07-01,USA,USD,United States,5.51,1,5.51,0
2019-01-01,AUS,AUD,Australia,6.1,1.40163991870488,4.35204500000001,-0.220063620071682
2019-01-01,GBR,GBP,Britain,3.19,0.783208020050125,4.072992,-0.27007311827957
2019-01-01,CAN,CAD,Canada,6.77,1.3314,5.08487306594562,-0.0887324254577739
2019-01-01,GRC,EUR,Greece,3.35,0.87248614928238,3.8396025,-0.311899193548387
2019-01-01,ISR,ILS,Israel,17,3.70785,4.58486724112356,-0.17833920409972
2019-01-01,JPN,JPY,Japan,390,108.44,3.59645887126522,-0.355473320561789
2019-01-01,MEX,MXN,Mexico,49,19.30875,2.53770958762219,-0.545213335551579
2019-01-01,NLD,EUR,Netherlands,4,0.87248614928238,4.5846,-0.178387096774193
2019-01-01,SGP,SGD,Singapore,5.8,1.3559,4.27760159303783,-0.233404732430496
2019-01-01,ZAF,ZAR,South Africa,31,13.8675,2.23544258157563,-0.599383049896841
2019-01-01,USA,USD,United States,5.58,1,5.58,0
2019-07-09,AUS,AUD,Australia,6.15,1.4436263894904,4.260105,-0.257821428571429
2019-07-09,GBR,GBP,Britain,3.29,0.802181934862827,4.101314,-0.285485365853659
2019-07-09,CAN,CAD,Canada,6.77,1.31305,5.1559346559537,-0.101753544258938
2019-07-09,GRC,EUR,Greece,3.3,0.892339267389462,3.698145,-0.355723867595819
2019-07-09,ISR,ILS,Israel,17,3.5667,4.76631059522808,-0.169632300482913
2019-07-09,JPN,JPY,Japan,390,108.765,3.58571231554268,-0.375311443285247
2019-07-09,MEX,MXN,Mexico,50,18.89525,2.64616768764637,-0.538995176368229
2019-07-09,NLD,EUR,Netherlands,4.06,0.892339267389462,4.549839,-0.20734512195122
2019-07-09,SGP,SGD,Singapore,5.8,1.3613,4.26063321824726,-0.257729404486539
2019-07-09,ZAF,ZAR,South Africa,31,14.175,2.18694885361552,-0.618998457558272
2019-07-09,USA,USD,United States,5.74,1,5.74,0
2020-01-14,AUS,AUD,Australia,6.45,1.44906535284741,4.45114500000001,-0.214965608465607
2020-01-14,GBR,GBP,Britain,3.39,0.76866904954072,4.4102205,-0.222183333333333
2020-01-14,CAN,CAD,Canada,6.77,1.30655,5.18158509050553,-0.0861401956780371
2020-01-14,GRC,EUR,Greece,3.3,0.899159286067527,3.670095,-0.352716931216931
2020-01-14,ISR,ILS,Israel,17,3.4595,4.91400491400491,-0.1333324666658
2020-01-14,JPN,JPY,Japan,390,110.04,3.54416575790622,-0.374926674090615
2020-01-14,MEX,MXN,Mexico,50,18.8205,2.65667755904466,-0.531450165953323
2020-01-14,NLD,EUR,Netherlands,4.09,0.899159286067527,4.5486935,-0.197761287477954
2020-01-14,SGP,SGD,Singapore,5.9,1.34715,4.37961622684928,-0.227580912372262
2020-01-14,ZAF,ZAR,South Africa,31,14.391,2.15412410534362,-0.620083932038163
2020-01-14,USA,USD,United States,5.67,1,5.67,0
2020-07-01,AUS,AUD,Australia,6.55,1.43061516452074,4.57845000000001,-0.198169877408054
2020-07-01,GBR,GBP,Britain,3.39,0.792550029720626,4.2773325,-0.250904991243432
2020-07-01,CAN,CAD,Canada,6.88,1.3552,5.0767414403778,-0.110903425503012
2020-07-01,GRC,EUR,Greece,3.3,0.879623521132955,3.751605,-0.342976357267951
2020-07-01,ISR,ILS,Israel,17,3.4367,4.94660575552129,-0.133694263481386
2020-07-01,JPN,JPY,Japan,390,107.275,3.63551619669075,-0.363307145938573
2020-07-01,MEX,MXN,Mexico,50,22.436,2.2285612408629,-0.609709064647478
2020-07-01,NLD,EUR,Netherlands,4.09,0.879623521132955,4.6497165,-0.18568887915937
2020-07-01,SGP,SGD,Singapore,5.9,1.3876,4.2519458057077,-0.25535099724909
2020-07-01,ZAF,ZAR,South Africa,31,16.6725,1.85934922777028,-0.674369662386991
2020-07-01,USA,USD,United States,5.71,1,5.71,0
2021-01-01,AUS,AUD,Australia,6.48,1.29996750081248,4.98474,-0.119303886925795
2021-01-01,GBR,GBP,Britain,3.29,0.741372280090447,4.4377165,-0.215951148409894
2021-01-01,CAN,CAD,Canada,6.77,1.2803,5.28782316644537,-0.0657556243029391
2021-01-01,GRC,EUR,Greece,3.3,0.823011398707872,4.009665,-0.291578621908127
2021-01-01,ISR,ILS,Israel,17,3.179,5.3475935828877,-0.0551954800551767
2021-01-01,JPN,JPY,Japan,390,104.295,3.73939306774054,-0.33932984668895
2021-01-01,MEX,MXN,Mexico,54,20.11475,2.68459712400104,-0.52568955406342
2021-01-01,NLD,EUR,Netherlands,4.13,0.823011398707872,5.0181565,-0.113399911660777
2021-01-01,SGP,SGD,Singapore,5.9,1.3308,4.43342350465885,-0.216709628152146
2021-01-01,ZAF,ZAR,South Africa,33.5,15.5225,2.15815751328716,-0.618700085991667
2021-01-01,USA,USD,United States,5.66,1,5.66,0
2021-07-01,AUS,AUD,Australia,6.55,1.36658694909464,4.79296249999999,-0.151688053097348
2021-07-01,GBR,GBP,Britain,3.49,0.734672886897109,4.7504135,-0.159218849557522
2021-07-01,CAN,CAD,Canada,6.77,1.2741,5.31355466603877,-0.0595478467188014
2021-07-01,GRC,EUR,Greece,3.3,0.850159404888417,3.881625,-0.312986725663717
2021-07-01,ISR,ILS,Israel,17,3.29205,5.16395558998193,-0.0860255592952344
2021-07-01,JPN,JPY,Japan,390,109.935,3.54755082548779,-0.372114898143754
2021-07-01,MEX,MXN,Mexico,64,20.13525,3.17850535751977,-0.437432680084996
2021-07-01,NLD,EUR,Netherlands,4.22,0.850159404888417,4.963775,-0.12145575221239
2021-07-01,SGP,SGD,Singapore,5.9,1.36825,4.31207747122236,-0.236800447571263
2021-07-01,ZAF,ZAR,South Africa,33.5,14.6625,2.2847399829497,-0.595621241955805
2021-07-01,USA,USD,United States,5.65,1,5.65,0
